1,Darcy,Normant,dnormant0@themeforest.net,Female,159.251.158.86
2,Xaviera,Masurel,xmasurel1@newyorker.com,Female,150.192.178.233
3,Erv,Trippett,etrippett2@utexas.edu,Male,166.98.92.183
4,Herta,Norvel,hnorvel3@ucoz.com,Female,216.42.143.161
5,Verna,Ianniello,vianniello4@myspace.com,Female,69.205.36.223
6,Dela,Keedy,dkeedy5@rakuten.co.jp,Female,137.68.40.2
7,Liza,Tippler,ltippler6@google.fr,Female,101.218.44.174
8,Caddric,Brosi,cbrosi7@mozilla.org,Male,196.132.242.32
9,Kikelia,Hartshorne,khartshorne8@intel.com,Female,96.187.174.192
10,Lay,Sparkes,lsparkes9@jugem.jp,Male,181.185.250.158
11,Maddie,Khristoforov,mkhristoforova@ca.gov,Male,238.154.109.136
12,Meghann,Putman,mputmanb@auda.org.au,Female,95.70.188.103
13,Bellina,Seabrocke,bseabrockec@google.pl,Female,241.47.9.186
14,Wolfie,Weekly,wweeklyd@wisc.edu,Male,236.78.110.49
15,Gael,Wheelton,gwheeltone@spotify.com,Male,247.98.19.151
16,Rustin,Ramalho,rramalhof@miitbeian.gov.cn,Male,2.146.188.172
17,Raf,Bernini,rberninig@abc.net.au,Female,119.175.203.1
18,Leo,Hukin,lhukinh@blog.com,Male,246.111.0.226
19,Claiborn,Yukhin,cyukhini@biblegateway.com,Male,86.3.44.60
20,Liana,Hacker,lhackerj@imgur.com,Bigender,54.35.45.53
21,Sayre,Marchello,smarchellok@uiuc.edu,Female,202.191.137.182
22,Clayson,Aggiss,caggissl@squidoo.com,Male,240.141.114.66
23,Auberon,Gilliam,agilliamm@reddit.com,Male,144.160.17.251
24,Nomi,Arrol,narroln@networksolutions.com,Female,112.178.59.101
25,Hew,Juppe,hjuppeo@geocities.jp,Genderqueer,75.158.220.166
26,Larissa,Perrinchief,lperrinchiefp@creativecommons.org,Female,238.204.209.70
27,Peggie,Smeath,psmeathq@imgur.com,Female,109.82.34.135
28,Townsend,Wycliff,twycliffr@ucoz.com,Male,100.131.165.54
29,Clayton,Abbatucci,cabbatuccis@blogs.com,Male,110.211.32.75
30,Lemmy,Hatherill,lhatherillt@exblog.jp,Male,177.227.140.97
31,Malva,Broz,mbrozu@youtube.com,Female,132.156.40.210
32,Jyoti,Hessle,jhesslev@fc2.com,Female,44.55.44.14
33,Chris,Petricek,cpetricekw@joomla.org,Agender,126.200.5.151
34,Babita,Caldron,bcaldronx@about.me,Female,47.139.142.135
35,Annabelle,Gavaghan,agavaghany@clickbank.net,Non-binary,42.245.138.223
36,Vivien,Kirsche,vkirschez@xinhuanet.com,Female,166.111.14.130
37,Loralie,Lawrenson,llawrenson10@upenn.edu,Female,158.243.12.106
38,Leroy,Seacroft,lseacroft11@reuters.com,Male,218.133.60.253
39,Ike,Barke,ibarke12@domainmarket.com,Male,70.225.155.19
40,Eamon,McQuode,emcquode13@desdev.cn,Male,224.134.216.152
41,Ardene,Claisse,aclaisse14@telegraph.co.uk,Female,200.158.167.222
42,Sheela,Stolte,sstolte15@liveinternet.ru,Female,217.88.132.148
43,Marten,Kyllford,mkyllford16@jalbum.net,Male,154.176.0.112
44,Malorie,McIlherran,mmcilherran17@indiegogo.com,Female,37.155.190.176
45,Carmel,Gercke,cgercke18@about.com,Female,38.201.68.246
46,Norina,Kohring,nkohring19@sourceforge.net,Female,68.133.115.67
47,Quintin,Vango,qvango1a@i2i.jp,Male,79.79.112.87
48,Mick,Kneale,mkneale1b@miibeian.gov.cn,Male,143.127.26.186
49,Pietro,O'Growgane,pogrowgane1c@imageshack.us,Male,102.138.101.86
50,Dusty,Grayshan,dgrayshan1d@vimeo.com,Female,18.43.165.228
51,Borg,Verna,bverna1e@acquirethisname.com,Male,35.242.224.83
52,Jamill,Keep,jkeep1f@fastcompany.com,Male,178.103.61.126
53,Opal,Callum,ocallum1g@youtu.be,Female,250.6.209.206
54,Olive,Broz,obroz1h@youtube.com,Female,230.210.211.142
55,Hakim,Stanlake,hstanlake1i@gnu.org,Male,213.4.123.231
56,Margalit,Hoodspeth,mhoodspeth1j@sfgate.com,Female,92.223.47.13
57,Lanny,Iggulden,liggulden1k@archive.org,Female,213.105.184.101
58,Padraig,Capron,pcapron1l@opera.com,Male,143.175.115.3
59,Dode,Murby,dmurby1m@dyndns.org,Female,153.165.167.38
60,Jory,Healings,jhealings1n@sina.com.cn,Male,72.117.216.18
61,Rory,Reims,rreims1o@google.nl,Female,172.231.109.189
62,Bondon,Wetter,bwetter1p@nationalgeographic.com,Male,228.55.247.100
63,Town,Pickthorn,tpickthorn1q@cargocollective.com,Male,251.120.2.33
64,Gilles,Binyon,gbinyon1r@miitbeian.gov.cn,Male,183.241.62.154
65,Antonina,Danslow,adanslow1s@netscape.com,Female,252.101.67.56
66,Markos,Bestwall,mbestwall1t@stanford.edu,Male,59.149.7.228
67,Emlen,Jewes,ejewes1u@ox.ac.uk,Male,127.3.238.173
68,Sandro,Bilbrooke,sbilbrooke1v@skype.com,Male,154.226.222.48
69,Rosabella,Troni,rtroni1w@time.com,Female,243.222.19.174
70,Genna,Corsar,gcorsar1x@imgur.com,Female,13.172.41.190
71,Winnah,Gregor,wgregor1y@amazonaws.com,Female,137.17.147.186
72,Franklin,Harp,fharp1z@nydailynews.com,Male,201.174.123.178
73,Louise,Clell,lclell20@list-manage.com,Female,107.121.183.219
74,Normy,Iacabucci,niacabucci21@shinystat.com,Male,249.251.189.154
75,Redd,Backen,rbacken22@de.vu,Male,62.3.254.125
76,Annmaria,Scarborough,ascarborough23@ft.com,Female,19.207.248.22
77,Shay,Twentyman,stwentyman24@nsw.gov.au,Male,48.123.92.158
78,Kirstyn,McKilroe,kmckilroe25@xrea.com,Female,67.111.238.121
79,Cooper,Baldacchi,cbaldacchi26@skyrock.com,Male,82.59.219.31
80,Hoyt,Labusch,hlabusch27@paypal.com,Male,252.1.248.22
81,Feodora,O'Luney,foluney28@amazon.com,Female,165.27.47.57
82,Barry,Blaycock,bblaycock29@macromedia.com,Male,242.53.57.191
83,Emily,Petegre,epetegre2a@pen.io,Female,81.180.19.223
84,Windham,Somner,wsomner2b@eventbrite.com,Male,82.147.187.202
85,Patience,Abisetti,pabisetti2c@dailymail.co.uk,Female,92.93.40.186
86,Melosa,Machen,mmachen2d@eventbrite.com,Female,23.246.198.189
87,Benyamin,Clayhill,bclayhill2e@mayoclinic.com,Male,116.244.21.52
88,Preston,Pedrick,ppedrick2f@usnews.com,Male,179.167.223.6
89,Karim,Warre,kwarre2g@economist.com,Genderqueer,150.15.200.110
90,Barri,Chinnock,bchinnock2h@ted.com,Male,127.176.121.191
91,Etan,Lackner,elackner2i@stanford.edu,Male,5.25.170.85
92,Bard,Krzysztof,bkrzysztof2j@free.fr,Male,13.204.172.0
93,Ruttger,Stalman,rstalman2k@surveymonkey.com,Male,61.203.63.166
94,Kennie,Hurne,khurne2l@usnews.com,Male,221.10.185.188
95,Davine,Ugolotti,dugolotti2m@earthlink.net,Female,14.69.28.69
96,Kally,Tinsey,ktinsey2n@hatena.ne.jp,Female,69.82.95.199
97,Kelsey,Burg,kburg2o@wikia.com,Male,92.222.46.63
98,Giavani,Zelland,gzelland2p@dyndns.org,Male,201.239.92.14
99,Hadley,Cockrell,hcockrell2q@parallels.com,Male,213.106.42.150
100,Godart,Cyples,gcyples2r@buzzfeed.com,Male,170.8.196.58
101,Cyrillus,Jordin,cjordin2s@home.pl,Male,242.35.21.171
102,Corey,Jurges,cjurges2t@ifeng.com,Male,153.236.255.67
103,Maximilian,MacAulay,mmacaulay2u@pinterest.com,Male,54.155.235.229
104,Cecilius,McIlhatton,cmcilhatton2v@guardian.co.uk,Male,197.234.141.231
105,Amaleta,Gudd,agudd2w@mlb.com,Female,242.252.27.42
106,Ethe,Bullene,ebullene2x@1und1.de,Male,183.85.67.78
107,Tandy,Allsobrook,tallsobrook2y@shareasale.com,Female,133.92.71.145
108,Delphine,Pettus,dpettus2z@webeden.co.uk,Female,180.72.138.198
109,Gale,Glasspoole,gglasspoole30@google.co.uk,Male,215.249.98.227
110,Neal,Digby,ndigby31@wikispaces.com,Male,145.150.236.170
111,Shawna,Pollicatt,spollicatt32@scribd.com,Female,145.252.123.185
112,Ilene,Botha,ibotha33@amazon.co.uk,Female,174.26.96.2
113,Ilene,Islep,iislep34@bloomberg.com,Genderfluid,253.3.108.56
114,Lev,Mollene,lmollene35@ibm.com,Male,23.109.69.104
115,Jobi,Thursby,jthursby36@narod.ru,Female,158.201.109.167
116,Hedvig,Albin,halbin37@bloglovin.com,Female,47.222.123.239
117,Lanita,Cutts,lcutts38@npr.org,Female,91.119.12.24
118,Lib,Lindblom,llindblom39@shutterfly.com,Female,234.197.156.247
119,Donny,Fromant,dfromant3a@scientificamerican.com,Female,3.62.158.182
120,Yves,Gilley,ygilley3b@fc2.com,Male,226.197.31.148
121,Ariella,Southwell,asouthwell3c@newyorker.com,Genderfluid,82.15.1.88
122,Sanders,Deny,sdeny3d@ucoz.ru,Male,88.254.199.174
123,Normand,Mockes,nmockes3e@unesco.org,Male,37.189.107.176
124,Denice,Bodiam,dbodiam3f@mac.com,Female,210.116.205.236
125,Paulie,Landall,plandall3g@omniture.com,Male,105.149.142.174
126,Osborne,McCallum,omccallum3h@canalblog.com,Male,166.185.47.105
127,Eduino,Dominelli,edominelli3i@auda.org.au,Male,71.79.133.252
128,Michael,Calley,mcalley3j@uiuc.edu,Male,56.98.200.2
129,Tessi,Quince,tquince3k@liveinternet.ru,Non-binary,108.206.183.223
130,Bernarr,Feaveryear,bfeaveryear3l@blogtalkradio.com,Male,207.172.194.159
131,Rickey,Hassey,rhassey3m@google.pl,Male,161.161.69.182
132,Dolorita,Poynter,dpoynter3n@ox.ac.uk,Agender,20.238.115.127
133,Lucias,Hanham,lhanham3o@csmonitor.com,Male,173.139.10.11
134,Alwyn,Beccera,abeccera3p@instagram.com,Male,41.158.40.88
135,Ileane,Thomasson,ithomasson3q@1und1.de,Female,210.135.146.124
136,Lolita,Dunton,ldunton3r@slate.com,Female,77.137.167.204
137,Ediva,Simcox,esimcox3s@mysql.com,Female,237.30.224.246
138,Vassily,Impey,vimpey3t@illinois.edu,Male,29.172.152.51
139,Kennan,Proske,kproske3u@mac.com,Male,238.13.190.41
140,Eduardo,Lumby,elumby3v@rakuten.co.jp,Male,251.179.36.166
141,Aguie,McPharlain,amcpharlain3w@ebay.com,Male,0.233.65.83
142,Lanette,Lambswood,llambswood3x@theguardian.com,Female,4.93.115.26
143,Hermy,Whitfield,hwhitfield3y@amazon.com,Male,150.233.129.17
144,Dion,Collard,dcollard3z@chicagotribune.com,Male,197.115.14.166
145,Paulina,McQuilkin,pmcquilkin40@google.com.br,Female,176.172.61.123
146,Valdemar,Godly,vgodly41@nytimes.com,Male,93.19.223.19
147,Brynna,Zavattiero,bzavattiero42@yellowpages.com,Female,193.118.237.37
148,Sigmund,Stiell,sstiell43@addtoany.com,Male,22.86.151.50
149,Roshelle,Labroue,rlabroue44@msu.edu,Female,122.38.185.51
150,Philomena,Tombleson,ptombleson45@eepurl.com,Female,170.61.4.126
151,Penelopa,Dutteridge,pdutteridge46@networksolutions.com,Female,140.144.30.0
152,Maddie,Sandiland,msandiland47@seattletimes.com,Non-binary,48.51.82.47
153,Lek,Coppins,lcoppins48@mozilla.com,Male,202.253.39.25
154,Stoddard,Cohrs,scohrs49@boston.com,Female,5.118.55.187
155,Hermie,Bernardet,hbernardet4a@ezinearticles.com,Male,152.218.29.185
156,Lesli,Markushkin,lmarkushkin4b@google.it,Female,151.255.51.149
157,Selle,Throssell,sthrossell4c@hao123.com,Female,247.77.106.95
158,Lion,McGrirl,lmcgrirl4d@bing.com,Male,15.203.244.51
159,Brigit,Fishpoole,bfishpoole4e@ameblo.jp,Female,73.145.204.211
160,Guillaume,Tyers,gtyers4f@elegantthemes.com,Male,167.62.45.140
161,Marty,Bass,mbass4g@cbsnews.com,Female,90.182.42.227
162,Angeli,Caple,acaple4h@ucoz.ru,Male,152.88.161.172
163,Zsa zsa,Herkess,zherkess4i@vk.com,Female,82.17.119.59
164,Willi,Greydon,wgreydon4j@timesonline.co.uk,Male,114.139.86.199
165,Dalli,De'Ath,ddeath4k@quantcast.com,Male,176.11.217.189
166,Dian,Mundee,dmundee4l@cafepress.com,Female,39.118.10.1
167,Ramsey,Haborn,rhaborn4m@weibo.com,Male,156.115.222.123
168,Gino,Ede,gede4n@yahoo.co.jp,Male,103.231.198.18
169,Richie,Shorthouse,rshorthouse4o@google.com,Male,202.47.83.42
170,Brigida,Rusling,brusling4p@oracle.com,Female,145.28.239.222
171,Brose,Eberst,beberst4q@sakura.ne.jp,Male,87.56.120.253
172,Creight,Daintith,cdaintith4r@cdbaby.com,Male,147.225.78.246
173,Celene,Iglesia,ciglesia4s@sun.com,Female,245.187.214.160
174,Allan,Fominov,afominov4t@deliciousdays.com,Male,190.31.49.240
175,Joe,Incogna,jincogna4u@vistaprint.com,Polygender,158.30.197.112
176,Eadmund,Cowpe,ecowpe4v@scribd.com,Male,180.246.61.188
177,Catharina,Lintill,clintill4w@ted.com,Female,136.153.124.42
178,Rosalyn,Candelin,rcandelin4x@histats.com,Female,39.103.75.49
179,Caitlin,Rump,crump4y@usatoday.com,Female,158.124.206.69
180,Dunc,Carslaw,dcarslaw4z@google.es,Male,170.127.11.117
181,Amerigo,Lennie,alennie50@dedecms.com,Male,16.59.45.48
182,Susanetta,MacNeice,smacneice51@dmoz.org,Female,253.237.143.231
183,Halsy,Andrysek,handrysek52@rambler.ru,Male,116.245.83.176
184,Teodoro,Antoniutti,tantoniutti53@noaa.gov,Male,115.161.56.94
185,Booth,Giraldez,bgiraldez54@ft.com,Male,47.206.113.53
186,Wadsworth,Whawell,wwhawell55@webs.com,Male,233.200.238.115
187,Mari,Alenov,malenov56@vistaprint.com,Female,215.7.203.122
188,Rikki,Crowden,rcrowden57@disqus.com,Female,198.186.78.169
189,Evered,Crease,ecrease58@flickr.com,Male,247.227.81.64
190,Darcy,Weale,dweale59@springer.com,Male,53.175.252.101
191,Courtney,Zack,czack5a@facebook.com,Male,52.189.131.204
192,Carmela,Roft,croft5b@ow.ly,Female,114.11.151.147
193,Leona,O'Scanlon,loscanlon5c@networksolutions.com,Female,153.135.119.98
194,Idell,Long,ilong5d@intel.com,Female,96.80.33.235
195,Bald,Stanlike,bstanlike5e@uiuc.edu,Male,121.203.28.166
196,Dale,Izzard,dizzard5f@yahoo.com,Male,195.167.52.47
197,Janeva,Owttrim,jowttrim5g@rambler.ru,Genderfluid,138.18.16.34
198,Pat,Kauschke,pkauschke5h@w3.org,Male,174.129.7.242
199,Les,Valintine,lvalintine5i@flavors.me,Genderfluid,241.241.166.63
200,Sol,Jelks,sjelks5j@t.co,Male,131.204.191.255
201,Cointon,Bresson,cbresson5k@redcross.org,Male,143.157.168.229
202,Lane,Gaddesby,lgaddesby5l@youtube.com,Female,129.219.253.20
203,Charlie,Sharrock,csharrock5m@rambler.ru,Male,183.108.79.238
204,Rowen,Tome,rtome5n@si.edu,Male,88.87.151.179
205,Ruddy,Matterface,rmatterface5o@naver.com,Male,184.215.44.11
206,Letisha,Michelet,lmichelet5p@ca.gov,Genderqueer,205.169.186.208
207,Beatrisa,Pringer,bpringer5q@is.gd,Female,38.190.0.37
208,Mellicent,Phillcock,mphillcock5r@aboutads.info,Female,46.183.213.109
209,Catharine,Worledge,cworledge5s@mapquest.com,Female,0.171.216.158
210,Dottie,Huncote,dhuncote5t@simplemachines.org,Female,187.216.135.198
211,Weider,Windaybank,wwindaybank5u@bing.com,Male,229.21.12.146
212,Alicia,Cutforth,acutforth5v@1688.com,Female,103.108.182.232
213,Kerrie,Bramstom,kbramstom5w@alibaba.com,Female,157.221.169.132
214,Cortney,Inker,cinker5x@cloudflare.com,Female,20.208.112.162
215,Grace,Nertney,gnertney5y@merriam-webster.com,Male,237.165.221.231
216,Jabez,Barnshaw,jbarnshaw5z@prweb.com,Male,236.109.74.145
217,Onofredo,Cisco,ocisco60@g.co,Male,93.113.174.245
218,Tristan,McGilmartin,tmcgilmartin61@china.com.cn,Male,220.177.28.70
219,Marion,Plesing,mplesing62@ehow.com,Male,138.163.185.106
220,Cullie,Hemmingway,chemmingway63@senate.gov,Male,158.111.46.251
221,Moria,Knoton,mknoton64@a8.net,Female,175.170.206.78
222,Ezechiel,Hanwright,ehanwright65@cafepress.com,Bigender,110.167.141.159
223,Gabriello,Cuerdall,gcuerdall66@nbcnews.com,Male,204.74.238.68
224,Fons,Gerrard,fgerrard67@japanpost.jp,Male,180.140.93.10
225,Karleen,Ransome,kransome68@icq.com,Female,115.139.136.177
226,Gigi,Odeson,godeson69@google.co.uk,Bigender,133.117.19.141
227,Hans,Ambrosetti,hambrosetti6a@blogs.com,Male,53.160.181.244
228,Ceciley,Trahmel,ctrahmel6b@zimbio.com,Female,21.174.217.156
229,Moria,Lisett,mlisett6c@amazon.de,Female,120.210.81.6
230,Thedric,Whitney,twhitney6d@bigcartel.com,Male,214.157.11.138
231,Tess,Bigg,tbigg6e@economist.com,Female,127.90.119.104
232,Robenia,Clempton,rclempton6f@elegantthemes.com,Female,195.141.213.159
233,Lek,Dawid,ldawid6g@dion.ne.jp,Male,242.155.10.224
234,Nevin,Ardern,nardern6h@freewebs.com,Polygender,160.161.104.200
235,Frederick,Navarro,fnavarro6i@squarespace.com,Male,210.63.201.101
236,Shawn,Strover,sstrover6j@pagesperso-orange.fr,Female,134.212.187.215
237,Dyanna,Titford,dtitford6k@skype.com,Female,123.1.39.151
238,Steffen,Swansbury,sswansbury6l@bluehost.com,Male,51.217.108.235
239,Kylie,Scanderet,kscanderet6m@ebay.co.uk,Male,88.24.241.162
240,Lorinda,Gonthier,lgonthier6n@barnesandnoble.com,Female,0.244.217.106
241,Riva,Gwyther,rgwyther6o@wikimedia.org,Female,107.71.214.6
242,Randell,McCurt,rmccurt6p@posterous.com,Male,25.51.219.34
243,Glennie,Burbudge,gburbudge6q@woothemes.com,Female,62.108.127.131
244,Rab,Laise,rlaise6r@techcrunch.com,Male,25.54.234.20
245,Saba,Grand,sgrand6s@comsenz.com,Female,85.113.254.150
246,Judith,Enriquez,jenriquez6t@networksolutions.com,Female,135.133.148.9
247,Moshe,Soldi,msoldi6u@yahoo.com,Male,77.51.104.75
248,Lisle,Izatson,lizatson6v@sfgate.com,Male,146.144.93.97
249,Delilah,Stetlye,dstetlye6w@seattletimes.com,Bigender,38.159.217.208
250,Romona,Speedy,rspeedy6x@tmall.com,Female,243.156.181.130
251,Carlita,Langdale,clangdale6y@amazonaws.com,Female,253.179.2.235
252,Ferdy,Found,ffound6z@miibeian.gov.cn,Male,206.234.207.193
253,Aubree,Drieu,adrieu70@buzzfeed.com,Female,206.63.164.96
254,Duffie,Crat,dcrat71@macromedia.com,Male,248.25.131.101
255,Carmine,Baltzar,cbaltzar72@163.com,Female,238.202.135.106
256,Muhammad,Kubacek,mkubacek73@webmd.com,Male,135.19.217.187
257,Giraldo,Bellee,gbellee74@flickr.com,Male,223.169.44.173
258,Kacy,Gull,kgull75@bloomberg.com,Female,149.198.226.202
259,Belia,Miklem,bmiklem76@shareasale.com,Female,83.194.121.144
260,Brandise,Etherson,betherson77@addthis.com,Female,104.21.4.37
261,Winfred,Eton,weton78@psu.edu,Male,6.180.24.178
262,Holmes,Housbie,hhousbie79@mayoclinic.com,Male,94.200.73.35
263,Kellyann,Hakonsen,khakonsen7a@vkontakte.ru,Female,70.195.201.185
264,Leann,Beaumont,lbeaumont7b@weebly.com,Bigender,28.97.84.189
265,Ashleigh,Higbin,ahigbin7c@goodreads.com,Female,220.125.114.89
266,Gerladina,Gillebert,ggillebert7d@indiegogo.com,Female,220.46.51.65
267,Kara,Seamer,kseamer7e@geocities.com,Agender,44.218.130.204
268,Larina,Mariner,lmariner7f@ucsd.edu,Non-binary,246.101.128.139
269,Suzette,Bertenshaw,sbertenshaw7g@cdc.gov,Female,113.130.22.212
270,Marisa,Hulance,mhulance7h@walmart.com,Female,11.110.218.206
271,Cchaddie,Campe,ccampe7i@dmoz.org,Male,249.213.8.79
272,Stormy,Wandless,swandless7j@mashable.com,Female,65.30.89.26
273,Marmaduke,Stihl,mstihl7k@unicef.org,Polygender,195.42.70.195
274,Charla,Cuningham,ccuningham7l@mashable.com,Female,29.47.196.210
275,Dominga,Berry,dberry7m@nhs.uk,Female,64.241.216.126
276,Farlie,Baglan,fbaglan7n@moonfruit.com,Male,238.127.105.202
277,Norton,Bozworth,nbozworth7o@mtv.com,Male,233.92.96.35
278,Kerry,Dinneen,kdinneen7p@google.ca,Male,252.92.197.78
279,Demetris,Biglin,dbiglin7q@qq.com,Male,208.243.88.195
280,Pail,Cracie,pcracie7r@oaic.gov.au,Male,240.83.98.38
281,Tara,Senner,tsenner7s@census.gov,Female,70.56.34.100
282,Gilbert,Eustes,geustes7t@usnews.com,Male,12.165.248.97
283,Gordon,Dregan,gdregan7u@alibaba.com,Male,53.157.91.157
284,Katie,Paunsford,kpaunsford7v@buzzfeed.com,Female,152.205.98.203
285,Lutero,Swetenham,lswetenham7w@youtu.be,Male,132.24.121.235
286,Luz,Abramovic,labramovic7x@earthlink.net,Female,224.130.35.204
287,Humfried,Piff,hpiff7y@ehow.com,Male,56.83.200.236
288,Rosana,Togher,rtogher7z@craigslist.org,Female,250.62.163.171
289,Virgie,Heardman,vheardman80@rakuten.co.jp,Agender,73.134.243.23
290,Rudiger,Choppen,rchoppen81@simplemachines.org,Male,118.147.210.233
291,Aggi,Twitty,atwitty82@wordpress.com,Non-binary,204.49.181.127
292,Daryl,Hoonahan,dhoonahan83@businessweek.com,Polygender,69.136.59.41
293,Zorine,Cerie,zcerie84@trellian.com,Female,135.151.198.71
294,Faulkner,Brocking,fbrocking85@skype.com,Male,60.192.15.149
295,Prent,Aireton,paireton86@google.cn,Polygender,225.109.68.59
296,Rina,Cubley,rcubley87@goo.gl,Female,78.15.151.235
297,Sylvester,Selway,sselway88@globo.com,Male,246.80.164.99
298,Sidonnie,Stirton,sstirton89@earthlink.net,Female,190.106.252.153
299,Joyan,Commusso,jcommusso8a@irs.gov,Female,148.125.9.33
300,Caterina,Kinnear,ckinnear8b@samsung.com,Female,251.163.89.46
301,Foster,Farrar,ffarrar8c@newsvine.com,Male,228.210.19.164
302,Jeffry,Yablsley,jyablsley8d@miitbeian.gov.cn,Male,163.92.125.69
303,Lisabeth,Dufoure,ldufoure8e@pcworld.com,Female,187.174.13.63
304,Mirna,Acreman,macreman8f@ovh.net,Female,44.196.165.217
305,Wileen,Cagan,wcagan8g@indiatimes.com,Female,184.47.145.242
306,Clay,Burgon,cburgon8h@clickbank.net,Male,60.188.114.116
307,Marlie,Rebanks,mrebanks8i@indiatimes.com,Female,64.112.250.53
308,Robinson,Bosence,rbosence8j@godaddy.com,Male,186.160.250.44
309,Gardner,Simmonite,gsimmonite8k@unc.edu,Male,85.22.207.61
310,Maggie,Fanshawe,mfanshawe8l@cnbc.com,Female,19.106.181.16
311,Darcee,Janny,djanny8m@blogger.com,Female,145.65.32.128
312,Stesha,Sainsbury,ssainsbury8n@oakley.com,Female,15.224.164.23
313,Hildegarde,Sickamore,hsickamore8o@people.com.cn,Female,110.156.95.122
314,Seana,Owenson,sowenson8p@noaa.gov,Female,118.203.71.191
315,Eileen,Bearfoot,ebearfoot8q@yellowbook.com,Female,217.63.194.185
316,Redd,Whiteson,rwhiteson8r@biglobe.ne.jp,Bigender,212.211.156.205
317,Violette,Shearston,vshearston8s@kickstarter.com,Female,100.118.139.254
318,Osgood,Mountford,omountford8t@360.cn,Male,234.182.211.187
319,Johnath,Lippiello,jlippiello8u@census.gov,Agender,162.205.56.232
320,Nata,Mantrip,nmantrip8v@goo.gl,Genderfluid,74.176.118.179
321,Donica,Roberto,droberto8w@sun.com,Female,138.154.195.194
322,Dennis,Ganforth,dganforth8x@imdb.com,Male,82.150.238.66
323,Tybalt,Chapell,tchapell8y@163.com,Male,146.167.160.222
324,Gwyn,Siemens,gsiemens8z@blog.com,Genderqueer,197.208.64.146
325,Blakeley,Marwood,bmarwood90@friendfeed.com,Female,33.135.128.214
326,Huntington,Mosco,hmosco91@prlog.org,Male,174.146.0.22
327,Fran,Bousfield,fbousfield92@disqus.com,Female,77.60.78.229
328,Heinrik,Roseburgh,hroseburgh93@bloglovin.com,Male,164.92.18.107
329,Delmor,Yanshinov,dyanshinov94@meetup.com,Male,250.147.171.108
330,Dylan,Crinkley,dcrinkley95@cbc.ca,Male,82.16.149.39
331,Cleon,Withinshaw,cwithinshaw96@umn.edu,Male,157.30.113.219
332,Izak,Eastway,ieastway97@instagram.com,Male,111.135.182.136
333,Selena,de Clerk,sdeclerk98@earthlink.net,Female,94.164.165.33
334,Verna,Brantzen,vbrantzen99@miitbeian.gov.cn,Female,35.58.209.203
335,Carla,Rattenberie,crattenberie9a@xrea.com,Genderqueer,149.250.211.147
336,Jarrett,Fallowfield,jfallowfield9b@mac.com,Male,150.162.216.132
337,Joelie,Ellcome,jellcome9c@google.co.jp,Female,164.175.170.81
338,Shandra,Klausen,sklausen9d@microsoft.com,Female,229.253.19.213
339,Nolana,Gladdolph,ngladdolph9e@wunderground.com,Female,143.66.230.207
340,Kellen,Blackaller,kblackaller9f@51.la,Male,5.155.160.6
341,Mikel,Ashton,mashton9g@51.la,Male,69.216.22.227
342,Blinny,Querree,bquerree9h@arstechnica.com,Polygender,75.7.82.27
343,Babs,Baguley,bbaguley9i@stanford.edu,Female,224.227.5.245
344,Bryana,Tocknell,btocknell9j@whitehouse.gov,Female,130.2.67.157
345,Maurene,Portt,mportt9k@sogou.com,Female,36.167.105.232
346,Carleen,Beeck,cbeeck9l@telegraph.co.uk,Female,133.193.224.251
347,Kaycee,Schimmang,kschimmang9m@imageshack.us,Female,100.245.102.113
348,Corliss,Flahive,cflahive9n@github.com,Agender,43.172.209.1
349,Jackie,Korpal,jkorpal9o@themeforest.net,Female,157.5.134.193
350,Brigitte,Rolston,brolston9p@weebly.com,Female,186.37.210.182
351,Frans,Faltskog,ffaltskog9q@tripod.com,Male,208.37.210.185
352,Alma,Cartmale,acartmale9r@bloglovin.com,Female,242.5.9.43
353,Arnuad,Maystone,amaystone9s@wix.com,Male,54.49.162.71
354,Selene,Cristofvao,scristofvao9t@taobao.com,Female,241.211.127.107
355,Willy,Leathwood,wleathwood9u@cdc.gov,Female,66.26.221.226
356,Yorker,Stennings,ystennings9v@cnbc.com,Male,73.10.106.17
357,Lennie,Hembery,lhembery9w@nhs.uk,Genderqueer,196.203.191.27
358,Rafa,Lamanby,rlamanby9x@oracle.com,Female,127.215.180.135
359,Montgomery,Santer,msanter9y@ftc.gov,Male,103.139.72.175
360,Court,Kenward,ckenward9z@is.gd,Male,130.118.162.132
361,Eirena,Broscombe,ebroscombea0@newsvine.com,Female,75.90.126.25
362,Janel,Baribal,jbaribala1@slideshare.net,Female,242.239.225.62
363,Arni,Gulleford,agulleforda2@ovh.net,Male,21.218.231.52
364,Fernanda,Carbett,fcarbetta3@taobao.com,Female,67.242.120.110
365,Dora,McClune,dmcclunea4@live.com,Female,36.161.94.2
366,Hans,Coyish,hcoyisha5@indiatimes.com,Male,175.216.252.184
367,Chariot,Goodreid,cgoodreida6@umn.edu,Agender,245.165.151.31
368,Fidelity,Heiden,fheidena7@yelp.com,Female,198.184.49.58
369,Zelma,Dunlea,zdunleaa8@posterous.com,Female,25.103.145.48
370,Ailey,Kleewein,akleeweina9@vinaora.com,Female,137.115.144.131
371,Marj,MacKellar,mmackellaraa@cam.ac.uk,Female,103.131.154.244
372,Devin,Spragg,dspraggab@epa.gov,Female,139.119.110.95
373,Ryan,Dragonette,rdragonetteac@sfgate.com,Genderqueer,126.158.156.213
374,Rhea,Eunson,reunsonad@example.com,Female,174.1.23.86
375,Shae,Jacquemy,sjacquemyae@squarespace.com,Male,195.19.233.53
376,Menard,Litel,mlitelaf@google.it,Polygender,38.204.212.249
377,Danika,Crittal,dcrittalag@ovh.net,Female,201.203.227.106
378,Garland,Buie,gbuieah@sciencedirect.com,Female,210.89.237.234
379,Dallis,Carvil,dcarvilai@networksolutions.com,Male,177.108.54.197
380,Tawnya,Megarrell,tmegarrellaj@smugmug.com,Female,79.43.179.27
381,Graeme,Accum,gaccumak@rakuten.co.jp,Male,242.67.146.193
382,Helaina,Cadwaladr,hcadwaladral@shop-pro.jp,Female,28.120.22.27
383,Celestine,Betchley,cbetchleyam@opensource.org,Female,255.22.162.30
384,Britni,Piscopello,bpiscopelloan@cornell.edu,Female,223.67.251.171
385,Babita,Lewis,blewisao@surveymonkey.com,Female,61.120.190.182
386,Barney,Greenroa,bgreenroaap@phpbb.com,Male,73.137.204.108
387,Zachary,Coburn,zcoburnaq@dmoz.org,Non-binary,163.86.213.118
388,Gwenny,Masey,gmaseyar@omniture.com,Female,238.129.126.50
389,Corette,Garlette,cgarletteas@engadget.com,Female,175.11.160.253
390,Loella,Gingell,lgingellat@amazon.de,Female,26.136.221.43
391,Vic,Aslin,vaslinau@time.com,Male,219.119.254.172
392,Winn,Hustler,whustlerav@vinaora.com,Male,225.214.164.82
393,Dall,Dray,ddrayaw@google.com.au,Male,194.85.185.21
394,Marena,Simion,msimionax@ycombinator.com,Female,198.67.219.122
395,Jameson,Brecknall,jbrecknallay@ebay.com,Male,51.196.211.44
396,Mile,Khoter,mkhoteraz@reuters.com,Male,103.49.73.125
397,Rahel,Stanyan,rstanyanb0@harvard.edu,Agender,227.123.29.221
398,Gayle,Moynihan,gmoynihanb1@geocities.com,Female,223.64.172.202
399,Jackson,Gate,jgateb2@nih.gov,Male,118.244.219.123
400,Terri,Podbury,tpodburyb3@homestead.com,Female,179.180.223.75
401,Trenton,Crombie,tcrombieb4@acquirethisname.com,Male,31.132.234.29
402,Luther,Maddams,lmaddamsb5@ycombinator.com,Bigender,29.146.14.168
403,Uri,Lubbock,ulubbockb6@qq.com,Male,95.100.109.74
404,Latrina,Baselli,lbasellib7@msn.com,Non-binary,4.195.204.50
405,Bradley,Zimmermanns,bzimmermannsb8@opera.com,Male,195.243.178.225
406,Julienne,Charsley,jcharsleyb9@altervista.org,Female,41.234.83.102
407,Damian,Moizer,dmoizerba@soundcloud.com,Male,223.112.177.184
408,Danie,Beneix,dbeneixbb@reuters.com,Male,150.17.52.202
409,Ervin,Beaby,ebeabybc@prlog.org,Genderfluid,10.15.123.182
410,Palmer,Garmon,pgarmonbd@yahoo.com,Male,141.57.149.29
411,Sherri,Luney,sluneybe@sourceforge.net,Female,245.34.224.109
412,Elise,Bessom,ebessombf@bloglines.com,Female,202.223.212.51
413,Jarrod,Kingswell,jkingswellbg@dedecms.com,Male,213.29.141.205
414,Moyra,Scawton,mscawtonbh@cnet.com,Female,213.61.164.15
415,Annadiana,Keast,akeastbi@nba.com,Female,247.146.216.147
416,Wesley,Brugh,wbrughbj@engadget.com,Male,214.56.32.60
417,Chrissy,McCutheon,cmccutheonbk@godaddy.com,Male,89.251.217.84
418,Selina,Call,scallbl@usnews.com,Female,70.206.221.149
419,Kelcey,Meadowcroft,kmeadowcroftbm@booking.com,Female,96.114.146.251
420,Lorne,Hamberstone,lhamberstonebn@w3.org,Female,209.197.107.18
421,Ursula,Curragh,ucurraghbo@fema.gov,Female,223.199.92.67
422,Karalynn,Mouncher,kmouncherbp@bing.com,Agender,171.28.234.136
423,Babara,Minor,bminorbq@vk.com,Female,255.181.198.60
424,Kellina,Plaister,kplaisterbr@pbs.org,Female,79.42.160.158
425,Rycca,Oldford,roldfordbs@liveinternet.ru,Female,16.138.17.141
426,Rafaela,Marvell,rmarvellbt@blogspot.com,Female,137.205.69.57
427,Wiley,Nehl,wnehlbu@adobe.com,Male,93.67.172.144
428,Aldwin,Oluwatoyin,aoluwatoyinbv@godaddy.com,Male,58.114.217.156
429,Maxie,Bruntjen,mbruntjenbw@xing.com,Male,148.46.63.45
430,Inesita,Mundall,imundallbx@skyrock.com,Female,254.28.231.47
431,Harri,Goodred,hgoodredby@technorati.com,Female,78.5.136.77
432,Tatum,Bunney,tbunneybz@list-manage.com,Female,78.216.153.127
433,Gui,Albarez,galbarezc0@canalblog.com,Female,167.88.218.40
434,Lucia,Job,ljobc1@spotify.com,Female,137.110.64.196
435,Munroe,Boughey,mbougheyc2@discuz.net,Male,212.9.180.149
436,Julissa,Copas,jcopasc3@stanford.edu,Female,147.40.0.193
437,Elaine,Gebhardt,egebhardtc4@psu.edu,Female,66.167.31.120
438,Ashil,Swanbourne,aswanbournec5@canalblog.com,Female,110.120.126.245
439,Xavier,Dunkinson,xdunkinsonc6@china.com.cn,Bigender,170.162.125.226
440,Howey,Taaffe,htaaffec7@businessweek.com,Male,25.59.150.143
441,Nikos,Bartoszek,nbartoszekc8@state.tx.us,Male,197.68.220.2
442,Denis,Zavattiero,dzavattieroc9@ucla.edu,Male,240.32.130.159
443,Steward,Whittingham,swhittinghamca@elegantthemes.com,Male,241.12.88.6
444,Tonye,Simonelli,tsimonellicb@tamu.edu,Female,123.188.82.28
445,Rois,Armit,rarmitcc@elegantthemes.com,Female,80.26.124.186
446,Staffard,Braddock,sbraddockcd@a8.net,Male,16.31.100.175
447,Clerc,Figliovanni,cfigliovannice@about.com,Male,185.186.163.191
448,Sharl,Skupinski,sskupinskicf@aboutads.info,Polygender,103.214.111.60
449,Virge,Glanert,vglanertcg@youtu.be,Male,174.136.187.221
450,Ginger,Squire,gsquirech@zdnet.com,Male,145.24.53.70
451,Brooke,Matschke,bmatschkeci@addthis.com,Female,5.251.179.9
452,Evanne,Blanning,eblanningcj@twitpic.com,Female,224.253.228.89
453,Candi,Touzey,ctouzeyck@merriam-webster.com,Female,172.65.149.86
454,Remington,Murra,rmurracl@taobao.com,Male,53.199.181.9
455,Rhodie,Sciusscietto,rsciussciettocm@gravatar.com,Female,174.212.36.151
456,Candy,Drinkhall,cdrinkhallcn@meetup.com,Female,67.154.50.139
457,Wilmar,Vanetti,wvanettico@goodreads.com,Male,197.80.82.169
458,Halimeda,Sissens,hsissenscp@salon.com,Polygender,208.88.64.211
459,Odele,Mark,omarkcq@epa.gov,Female,76.177.118.234
460,Jarid,Pfeffle,jpfefflecr@google.cn,Male,108.41.240.148
461,Jacquetta,Damrel,jdamrelcs@i2i.jp,Female,190.201.1.121
462,Tore,Walden,twaldenct@wisc.edu,Male,17.135.198.99
463,Saxon,Flacke,sflackecu@prnewswire.com,Male,222.239.218.145
464,Emyle,Lundy,elundycv@toplist.cz,Female,192.1.135.182
465,Herold,Aguirrezabala,haguirrezabalacw@slate.com,Male,214.205.250.204
466,Birk,Rains,brainscx@dot.gov,Male,154.97.114.53
467,Rasia,Librey,rlibreycy@fc2.com,Female,188.192.167.65
468,Pooh,Gasker,pgaskercz@deliciousdays.com,Male,148.248.60.252
469,Berkly,Shearwood,bshearwoodd0@house.gov,Male,7.43.161.25
470,Hedwiga,Wohler,hwohlerd1@prnewswire.com,Female,88.41.14.222
471,Aryn,Petyt,apetytd2@4shared.com,Female,35.7.19.42
472,Bernarr,Sein,bseind3@nsw.gov.au,Male,63.229.135.146
473,Stevena,Sudron,ssudrond4@technorati.com,Female,214.221.193.188
474,Zak,Guage,zguaged5@ning.com,Genderqueer,130.70.198.25
475,Charleen,Stothard,cstothardd6@nasa.gov,Female,182.177.101.128
476,Trent,Levin,tlevind7@wsj.com,Male,176.42.227.37
477,Shadow,Schwaiger,sschwaigerd8@jigsy.com,Male,7.204.22.234
478,Kerrie,Coudray,kcoudrayd9@ucla.edu,Female,85.166.244.128
479,Scotti,Searchwell,ssearchwellda@google.com.au,Male,187.135.235.44
480,Inger,Delacroix,idelacroixdb@slate.com,Male,175.162.218.22
481,Kit,Sallings,ksallingsdc@furl.net,Female,79.41.234.169
482,Gilbertina,Claussen,gclaussendd@comsenz.com,Female,88.87.202.141
483,Wynn,Sall,wsallde@xinhuanet.com,Male,69.89.219.45
484,Melly,Reck,mreckdf@narod.ru,Female,188.176.30.58
485,Lorens,Tomenson,ltomensondg@gmpg.org,Male,91.214.223.233
486,Harcourt,Dietsche,hdietschedh@weather.com,Male,28.10.214.241
487,Giraldo,Keenleyside,gkeenleysidedi@nifty.com,Male,207.102.223.107
488,Karole,Barme,kbarmedj@cam.ac.uk,Female,232.101.254.196
489,Brook,Bullivent,bbulliventdk@pbs.org,Male,79.234.181.219
490,Byrom,Hughes,bhughesdl@nymag.com,Male,193.208.211.205
491,Dell,De Beneditti,ddebenedittidm@ameblo.jp,Female,72.197.163.48
492,Andie,Casely,acaselydn@issuu.com,Female,189.171.213.70
493,Madeline,Dillow,mdillowdo@liveinternet.ru,Non-binary,86.112.165.105
494,Latashia,Berzins,lberzinsdp@1688.com,Female,142.212.51.165
495,Westbrook,Rao,wraodq@lulu.com,Male,97.50.198.78
496,Zebedee,Tuft,ztuftdr@dell.com,Male,34.131.11.14
497,Winona,Dabell,wdabellds@ow.ly,Genderqueer,13.209.69.205
498,Jaimie,McGeachey,jmcgeacheydt@yahoo.com,Female,64.96.2.226
499,Misty,Mouget,mmougetdu@csmonitor.com,Female,197.52.1.207
500,Clarke,Meade,cmeadedv@yandex.ru,Male,101.202.252.23
501,Benito,Galero,bgalerodw@cisco.com,Non-binary,65.144.185.210
502,Alena,aManger,aamangerdx@xrea.com,Female,65.218.154.37
503,Wade,Ajam,wajamdy@sciencedirect.com,Male,24.62.19.84
504,Redd,Walthall,rwalthalldz@berkeley.edu,Male,235.38.177.118
505,Gerek,Galliver,ggallivere0@stanford.edu,Male,25.176.53.130
506,Ambrose,Elwin,aelwine1@reddit.com,Male,228.158.241.31
507,Giralda,Piesold,gpiesolde2@google.com.au,Female,222.80.179.214
508,Ulises,Antham,uanthame3@a8.net,Male,84.19.108.2
509,Dasha,Sebrook,dsebrooke4@de.vu,Female,120.187.22.65
510,Rich,Klimt,rklimte5@cocolog-nifty.com,Male,26.15.47.29
511,Gare,Rudolfer,grudolfere6@nymag.com,Male,52.89.102.200
512,Xaviera,Pettis,xpettise7@joomla.org,Female,142.47.133.79
513,Chrissy,Tefft,cteffte8@privacy.gov.au,Male,207.36.245.117
514,Jamima,Subhan,jsubhane9@nydailynews.com,Female,113.214.245.194
515,Ronald,Blackburne,rblackburneea@ocn.ne.jp,Male,96.104.110.27
516,Drugi,Trinder,dtrindereb@youtu.be,Male,100.123.255.169
517,Cleopatra,Lawrie,clawrieec@blogs.com,Female,45.165.81.232
518,Willdon,Wainwright,wwainwrighted@youku.com,Male,128.34.89.216
519,Theodoric,Balden,tbaldenee@ask.com,Male,158.16.13.117
520,Gilli,Bea,gbeaef@weebly.com,Female,24.228.169.119
521,Ive,Dewdeny,idewdenyeg@zimbio.com,Male,228.111.21.159
522,Nels,Gillanders,ngillanderseh@noaa.gov,Male,63.143.215.222
523,Franciska,Padgham,fpadghamei@symantec.com,Female,72.31.243.118
524,Leigha,Peartree,lpeartreeej@state.gov,Female,224.22.169.142
525,Roley,Popland,rpoplandek@i2i.jp,Male,156.92.240.180
526,Ulric,Trosdall,utrosdallel@mozilla.com,Male,67.215.183.139
527,Budd,Peaple,bpeapleem@woothemes.com,Male,123.141.83.99
528,Casey,Lowre,clowreen@hao123.com,Male,177.222.255.235
529,Vanya,Rodden,vroddeneo@cdc.gov,Genderfluid,250.87.157.227
530,Reece,Andreopolos,randreopolosep@vimeo.com,Male,171.0.124.58
531,Rosina,Lomas,rlomaseq@sfgate.com,Female,8.215.75.80
532,Luigi,McVeagh,lmcveagher@cmu.edu,Agender,239.221.250.104
533,Kaine,Lightbourne,klightbournees@wsj.com,Male,133.211.115.77
534,Curry,Bernetti,cbernettiet@com.com,Male,53.136.126.119
535,Anna,Ramsey,aramseyeu@amazon.co.jp,Female,80.41.200.214
536,Dinnie,Chismon,dchismonev@cdbaby.com,Female,65.103.130.106
537,Delbert,Redsall,dredsallew@cpanel.net,Male,149.7.113.130
538,Barnaby,Swabey,bswabeyex@marketwatch.com,Non-binary,71.149.43.179
539,Stavro,Fronsek,sfronsekey@omniture.com,Non-binary,133.102.48.77
540,Brewer,Gumey,bgumeyez@posterous.com,Male,78.248.18.171
541,Eddi,Eat,eeatf0@ask.com,Genderqueer,215.68.18.192
542,Decca,Yare,dyaref1@mozilla.org,Male,240.91.20.120
543,Rouvin,Shah,rshahf2@altervista.org,Male,218.46.219.189
544,Candide,Ackers,cackersf3@joomla.org,Female,154.142.207.193
545,Camey,Andrejevic,candrejevicf4@nps.gov,Male,2.178.236.9
546,Johann,McGilbon,jmcgilbonf5@unicef.org,Male,135.20.220.252
547,Auberon,O' Mahony,aomahonyf6@liveinternet.ru,Male,195.61.64.131
548,Creighton,Newlan,cnewlanf7@google.co.jp,Male,126.115.43.227
549,Tobias,Dumbleton,tdumbletonf8@studiopress.com,Male,203.120.127.26
550,Oliy,Wix,owixf9@nationalgeographic.com,Female,143.222.225.106
551,Nye,Beelby,nbeelbyfa@studiopress.com,Male,119.0.250.128
552,Ode,Colliber,ocolliberfb@google.nl,Male,165.42.114.127
553,Kim,Passie,kpassiefc@facebook.com,Male,141.196.68.163
554,Brigg,Digweed,bdigweedfd@posterous.com,Male,188.86.53.153
555,Tommy,O'Shiel,toshielfe@google.cn,Male,23.53.45.44
556,Carola,Gandy,cgandyff@ovh.net,Female,107.150.56.121
557,Sarge,Plumstead,splumsteadfg@businesswire.com,Male,25.251.27.20
558,Kendre,Jedrzejewsky,kjedrzejewskyfh@live.com,Female,126.229.15.172
559,Taite,Tramel,ttramelfi@toplist.cz,Male,146.129.192.112
560,Candace,Sikorsky,csikorskyfj@seattletimes.com,Female,229.87.41.57
561,Allx,Brasseur,abrasseurfk@mit.edu,Female,30.97.131.154
562,Ranice,Reilingen,rreilingenfl@dell.com,Female,199.121.233.61
563,Ignacius,Noades,inoadesfm@google.com.br,Male,35.218.40.255
564,Harriot,Satcher,hsatcherfn@google.com.br,Female,44.155.87.171
565,Rosco,Parnby,rparnbyfo@rakuten.co.jp,Male,88.12.80.211
566,Griffith,Hawking,ghawkingfp@hc360.com,Male,28.179.57.207
567,Charlene,Burnip,cburnipfq@cnn.com,Female,176.218.102.125
568,Ruthi,Bolduc,rbolducfr@sakura.ne.jp,Female,18.67.93.79
569,Reynolds,Jesse,rjessefs@epa.gov,Genderqueer,91.3.133.144
570,Mickie,Pitherick,mpitherickft@photobucket.com,Male,113.213.89.101
571,Conrad,Allden,calldenfu@mapy.cz,Male,200.139.153.160
572,Ernesta,Robiot,erobiotfv@yolasite.com,Female,190.98.186.99
573,Sibyl,Thaim,sthaimfw@dedecms.com,Agender,58.42.222.158
574,Ivar,Twells,itwellsfx@myspace.com,Male,249.27.191.135
575,Duff,Frederick,dfrederickfy@mit.edu,Male,187.81.173.125
576,Chevy,Kingscote,ckingscotefz@constantcontact.com,Male,78.40.201.5
577,Trumann,Matyas,tmatyasg0@clickbank.net,Male,161.186.106.99
578,Correy,Dewane,cdewaneg1@twitpic.com,Male,117.93.114.206
579,Orville,Schultz,oschultzg2@delicious.com,Male,237.209.159.120
580,Lesley,Wessell,lwessellg3@behance.net,Male,228.52.102.178
581,Weston,Slide,wslideg4@gizmodo.com,Male,40.92.169.10
582,Loreen,Kurdani,lkurdanig5@istockphoto.com,Female,155.82.51.115
583,Zenia,Lashmore,zlashmoreg6@whitehouse.gov,Female,76.159.208.240
584,Horten,Beamson,hbeamsong7@dailymail.co.uk,Male,168.105.132.14
585,Genna,Tussaine,gtussaineg8@ed.gov,Female,54.177.148.82
586,Ursula,Lievesley,ulievesleyg9@pagesperso-orange.fr,Genderqueer,223.127.143.124
587,Merrel,Esel,meselga@nydailynews.com,Male,52.22.29.239
588,Raddie,Sergant,rsergantgb@fc2.com,Male,98.103.54.3
589,Rockie,Wyeld,rwyeldgc@ask.com,Male,225.30.216.3
590,Ninnetta,Perchard,nperchardgd@seesaa.net,Female,221.27.204.89
591,Leo,Pashe,lpashege@arizona.edu,Male,104.59.163.151
592,Zeke,Meads,zmeadsgf@dropbox.com,Male,107.139.38.246
593,Ellis,Grzesiewicz,egrzesiewiczgg@accuweather.com,Male,122.71.213.81
594,Anna-maria,Waszczykowski,awaszczykowskigh@simplemachines.org,Female,162.225.45.11
595,Jayme,Lammenga,jlammengagi@netvibes.com,Male,218.129.188.31
596,Regine,Novkovic,rnovkovicgj@moonfruit.com,Female,189.224.39.4
597,Igor,Santorini,isantorinigk@dagondesign.com,Male,130.157.118.221
598,Pamela,Tarrant,ptarrantgl@mozilla.com,Female,39.110.54.84
599,Opaline,Melledy,omelledygm@bloglines.com,Female,99.107.115.148
600,Saundra,Hearnah,shearnahgn@rakuten.co.jp,Female,57.29.10.203
601,Conant,Brittan,cbrittango@craigslist.org,Male,236.107.47.32
602,Borg,Grunbaum,bgrunbaumgp@cnbc.com,Male,166.10.22.44
603,Worthy,Pilfold,wpilfoldgq@woothemes.com,Male,118.249.97.54
604,Alisha,Attewill,aattewillgr@youtube.com,Female,6.238.104.154
605,Catrina,Cadman,ccadmangs@statcounter.com,Female,5.56.111.133
606,Chelsea,Pedrollo,cpedrollogt@dion.ne.jp,Female,179.173.3.203
607,Rosanne,Fryd,rfrydgu@stanford.edu,Female,74.166.86.179
608,Dag,Wohler,dwohlergv@japanpost.jp,Male,86.31.202.141
609,Danella,Loynes,dloynesgw@amazon.co.uk,Female,158.62.21.170
610,Sigvard,Ryle,srylegx@furl.net,Agender,141.25.7.201
611,Ephrem,Reddlesden,ereddlesdengy@wordpress.com,Male,93.12.22.169
612,Michaeline,Percival,mpercivalgz@paypal.com,Female,31.197.206.95
613,Ailey,Dadd,adaddh0@tuttocitta.it,Female,127.122.26.16
614,Rabi,Borges,rborgesh1@bbb.org,Male,239.160.113.129
615,Ulrich,Godsell,ugodsellh2@creativecommons.org,Male,247.47.18.75
616,Frederique,Archbald,farchbaldh3@hibu.com,Female,107.130.62.215
617,Stace,Johannesson,sjohannessonh4@indiatimes.com,Female,5.112.190.177
618,Josepha,Glyde,jglydeh5@wiley.com,Female,96.225.198.89
619,Melony,Brixham,mbrixhamh6@amazon.co.jp,Female,146.233.105.80
620,Clementina,Hoston,chostonh7@miitbeian.gov.cn,Female,175.137.203.140
621,Townsend,Lynas,tlynash8@forbes.com,Male,6.54.176.82
622,Libbie,Esplin,lesplinh9@spiegel.de,Female,138.20.14.154
623,Gardiner,Satyford,gsatyfordha@aol.com,Male,254.103.190.78
624,Patrizius,Garnall,pgarnallhb@theguardian.com,Male,138.207.159.73
625,Cyrille,Wichard,cwichardhc@last.fm,Male,147.144.205.217
626,Chan,Odney,codneyhd@altervista.org,Male,26.157.230.0
627,Sharron,Lowndesbrough,slowndesbroughhe@delicious.com,Female,244.133.29.84
628,Gael,Rounds,groundshf@apple.com,Male,6.65.66.163
629,Leela,Sale,lsalehg@unc.edu,Female,170.121.72.112
630,Hedwig,Bartkowiak,hbartkowiakhh@sciencedirect.com,Genderfluid,71.220.179.14
631,Thebault,McKenna,tmckennahi@oakley.com,Genderfluid,108.130.33.125
632,Emmalynne,Twigley,etwigleyhj@trellian.com,Female,181.164.244.228
633,Les,Malyon,lmalyonhk@ox.ac.uk,Male,67.238.53.165
634,Torrey,Ketch,tketchhl@jigsy.com,Agender,182.229.108.128
635,Miguel,Horsewood,mhorsewoodhm@xinhuanet.com,Male,200.15.105.85
636,Kimbra,Gristock,kgristockhn@yahoo.co.jp,Female,2.32.215.239
637,Roslyn,Gilmour,rgilmourho@mozilla.com,Female,63.96.238.25
638,Linell,Vodden,lvoddenhp@infoseek.co.jp,Female,6.114.130.82
639,Ilse,Strowger,istrowgerhq@twitter.com,Female,158.84.227.175
640,Elihu,Scrace,escracehr@google.com.au,Male,19.58.212.119
641,Janot,Sergeaunt,jsergeaunths@theglobeandmail.com,Female,54.209.180.184
642,Jonah,Harborow,jharborowht@mayoclinic.com,Male,150.161.193.192
643,Christalle,Arminger,carmingerhu@salon.com,Bigender,143.69.74.206
644,Rowe,Broker,rbrokerhv@usda.gov,Female,155.231.235.61
645,Eloise,Schole,escholehw@plala.or.jp,Female,129.177.101.152
646,Scarlett,Mallaby,smallabyhx@elegantthemes.com,Female,25.255.242.133
647,Clarette,De Filippo,cdefilippohy@scientificamerican.com,Bigender,84.74.236.165
648,Glyn,Corragan,gcorraganhz@friendfeed.com,Male,155.123.60.118
649,Morgen,Lamasna,mlamasnai0@privacy.gov.au,Male,163.228.145.209
650,Caspar,Grzesiak,cgrzesiaki1@jalbum.net,Male,120.86.1.47
651,Theodosia,Farrans,tfarransi2@blogspot.com,Female,229.89.123.48
652,Delly,Arnaudi,darnaudii3@rediff.com,Female,127.174.169.116
653,Donnajean,Poynor,dpoynori4@tiny.cc,Female,158.93.12.157
654,Sean,Dearnly,sdearnlyi5@epa.gov,Male,248.27.56.237
655,Gabi,Leckie,gleckiei6@china.com.cn,Genderqueer,175.114.118.167
656,Arabelle,Inold,ainoldi7@slate.com,Genderfluid,7.232.129.153
657,Hannie,Mapples,hmapplesi8@163.com,Polygender,91.137.206.172
658,Carlin,Agronski,cagronskii9@prweb.com,Female,231.3.15.119
659,Dorthea,Lundbech,dlundbechia@macromedia.com,Female,90.227.72.122
660,Pierette,Bortolutti,pbortoluttiib@eepurl.com,Female,126.221.88.218
661,Billye,Palek,bpalekic@163.com,Female,52.216.233.88
662,Lorettalorna,Northgraves,lnorthgravesid@opensource.org,Female,244.250.60.201
663,Frayda,Pellingar,fpellingarie@typepad.com,Female,202.68.204.28
664,Quent,Burbridge,qburbridgeif@blogtalkradio.com,Male,159.88.225.161
665,Tamma,Keble,tkebleig@gizmodo.com,Female,173.174.183.141
666,Sisile,Wroath,swroathih@symantec.com,Female,72.112.132.5
667,Karia,Chason,kchasonii@upenn.edu,Female,23.214.85.37
668,Vick,Saberton,vsabertonij@dion.ne.jp,Male,124.63.31.246
669,Justinn,Avent,javentik@harvard.edu,Female,52.75.13.63
670,Ber,Diegan,bdieganil@jimdo.com,Male,249.136.174.10
671,Brandea,Rustidge,brustidgeim@stanford.edu,Female,151.95.7.148
672,Winfred,Klempke,wklempkein@jigsy.com,Male,94.214.143.223
673,Brandtr,Olman,bolmanio@feedburner.com,Male,22.193.96.22
674,Mignon,Pawelski,mpawelskiip@indiatimes.com,Female,136.234.48.73
675,Windham,Janik,wjanikiq@opensource.org,Agender,50.194.164.157
676,Marcellus,Cottem,mcottemir@so-net.ne.jp,Male,228.233.116.79
677,Constantino,Veljes,cveljesis@tamu.edu,Male,126.226.102.112
678,Bibby,Beagan,bbeaganit@nifty.com,Female,84.226.155.88
679,Krisha,Cousans,kcousansiu@issuu.com,Genderfluid,12.166.199.213
680,Cross,Stelfax,cstelfaxiv@yellowbook.com,Male,172.143.40.145
681,Bella,Fratson,bfratsoniw@sohu.com,Female,144.52.64.175
682,Steffie,Graser,sgraserix@ibm.com,Female,174.230.1.242
683,Neddie,Deniskevich,ndeniskevichiy@auda.org.au,Male,178.33.83.168
684,Clementine,Kaesmakers,ckaesmakersiz@wp.com,Female,121.134.251.246
685,Fidela,Hellier,fhellierj0@icq.com,Female,3.137.93.166
686,Gar,McBeith,gmcbeithj1@noaa.gov,Male,198.201.95.75
687,Daveta,Emerson,demersonj2@techcrunch.com,Female,7.177.38.17
688,Nickolas,Vigours,nvigoursj3@eventbrite.com,Male,171.5.151.249
689,Camey,Summerton,csummertonj4@yelp.com,Male,175.181.63.65
690,Noah,Franzoli,nfranzolij5@e-recht24.de,Male,188.120.129.251
691,Latia,Sumshon,lsumshonj6@nba.com,Female,24.199.155.48
692,Wilhelmina,Syncke,wsynckej7@wikispaces.com,Female,112.88.216.67
693,Gretel,Labarre,glabarrej8@diigo.com,Female,47.44.101.61
694,Cindee,Vibert,cvibertj9@ocn.ne.jp,Female,13.202.52.95
695,Mordecai,Kohrding,mkohrdingja@xrea.com,Male,188.36.126.234
696,Janela,Saill,jsailljb@geocities.com,Genderqueer,161.20.84.53
697,Susanne,Mac Geaney,smacgeaneyjc@reuters.com,Female,80.127.191.219
698,Jaye,Caro,jcarojd@ft.com,Male,14.40.71.72
699,Cello,Fairholm,cfairholmje@squarespace.com,Male,203.121.195.89
700,Godart,Stillgoe,gstillgoejf@purevolume.com,Male,168.246.111.179
701,Olag,Waghorne,owaghornejg@weebly.com,Male,208.238.173.202
702,Quincey,Bastiman,qbastimanjh@businessweek.com,Male,198.224.198.3
703,Hardy,Slorance,hsloranceji@deviantart.com,Male,194.172.93.181
704,Roderigo,Cushe,rcushejj@symantec.com,Male,246.238.132.195
705,Vittoria,Nockells,vnockellsjk@umich.edu,Female,240.73.175.198
706,Eduardo,Akam,eakamjl@drupal.org,Male,113.37.118.228
707,Muffin,Ottam,mottamjm@europa.eu,Male,132.138.145.124
708,Giralda,Nunson,gnunsonjn@twitter.com,Non-binary,205.11.143.135
709,Baillie,McGhie,bmcghiejo@gizmodo.com,Male,182.231.137.52
710,Laney,Omond,lomondjp@cafepress.com,Male,68.132.190.16
711,Vickie,Greensmith,vgreensmithjq@dropbox.com,Female,82.166.128.49
712,Lonnie,Kingdon,lkingdonjr@state.tx.us,Male,226.137.186.81
713,Gisela,Chestnutt,gchestnuttjs@hugedomains.com,Female,208.137.210.95
714,Royal,Plane,rplanejt@example.com,Male,236.117.112.59
715,Rosanne,Ilyinski,rilyinskiju@jimdo.com,Female,175.232.205.209
716,Welby,Hempel,whempeljv@webs.com,Male,100.136.167.170
717,Gris,Liger,gligerjw@godaddy.com,Male,134.221.188.128
718,Jacques,Aland,jalandjx@answers.com,Male,78.235.64.238
719,Violet,Domb,vdombjy@alibaba.com,Female,20.120.27.204
720,Kayley,Filppetti,kfilppettijz@hubpages.com,Female,218.95.81.232
721,Ivette,Gerred,igerredk0@webnode.com,Female,105.194.183.87
722,Amalle,Scragg,ascraggk1@google.pl,Female,57.157.117.123
723,Cory,Matfin,cmatfink2@skype.com,Male,182.214.114.97
724,Diannne,Dahmke,ddahmkek3@usgs.gov,Female,235.236.247.156
725,Ruthann,Myrick,rmyrickk4@addtoany.com,Female,204.21.58.46
726,Scarface,Ajam,sajamk5@desdev.cn,Male,141.146.8.124
727,Dominic,Cammish,dcammishk6@sina.com.cn,Male,173.188.141.171
728,Staford,Rutt,sruttk7@about.com,Male,227.24.65.124
729,Nancey,Chetter,nchetterk8@mapy.cz,Female,105.206.62.249
730,Vicky,Rennison,vrennisonk9@canalblog.com,Female,119.77.83.2
731,Eadith,Arnely,earnelyka@oaic.gov.au,Female,4.182.67.247
732,Hastie,Boylin,hboylinkb@networksolutions.com,Male,236.243.118.173
733,Benny,Letchmore,bletchmorekc@ed.gov,Male,46.116.61.125
734,Oby,Stannislawski,ostannislawskikd@altervista.org,Male,97.55.120.126
735,Donnajean,Hannent,dhannentke@wikipedia.org,Female,220.77.47.30
736,Ozzy,Attwoull,oattwoullkf@fc2.com,Male,85.126.186.6
737,Evania,Trehearne,etrehearnekg@prlog.org,Female,108.11.138.58
738,Benjie,Mincini,bmincinikh@dailymail.co.uk,Male,227.218.251.30
739,Marion,Tristram,mtristramki@deliciousdays.com,Male,112.11.86.35
740,Stewart,Thews,sthewskj@about.com,Bigender,129.175.45.59
741,Leia,Haborn,lhabornkk@hp.com,Female,182.239.41.36
742,Kelvin,Bettlestone,kbettlestonekl@ebay.com,Genderfluid,252.202.38.35
743,Kimberlyn,Cushion,kcushionkm@goodreads.com,Female,185.82.179.25
744,Auberon,Niesing,aniesingkn@netlog.com,Male,243.141.141.142
745,Caressa,Ville,cvilleko@slideshare.net,Female,187.188.77.228
746,Beryl,Worster,bworsterkp@google.com.br,Female,93.155.94.13
747,Elmo,Chattey,echatteykq@canalblog.com,Male,20.92.143.48
748,Edsel,Gillebert,egillebertkr@bing.com,Male,94.72.34.241
749,Dudley,Kitchingman,dkitchingmanks@github.com,Male,104.43.112.21
750,Bliss,Bidewell,bbidewellkt@reference.com,Female,93.62.191.148
751,Tanhya,Schultheiss,tschultheissku@examiner.com,Female,130.119.233.187
752,Germain,Yeoman,gyeomankv@edublogs.org,Male,219.18.218.27
753,Tabb,Kemster,tkemsterkw@eepurl.com,Male,60.4.136.52
754,Margaret,Jammes,mjammeskx@newsvine.com,Female,213.48.51.205
755,Giovanna,Beller,gbellerky@wired.com,Female,8.106.42.252
756,Dore,Aronowicz,daronowiczkz@constantcontact.com,Female,254.113.144.102
757,Arther,Greeves,agreevesl0@usgs.gov,Male,117.29.142.122
758,Earle,Buggy,ebuggyl1@livejournal.com,Male,157.243.68.101
759,Duffie,Barette,dbarettel2@symantec.com,Male,215.195.26.80
760,Raina,Hartopp,rhartoppl3@latimes.com,Non-binary,135.117.91.73
761,Jakob,Bakey,jbakeyl4@nytimes.com,Male,127.247.30.65
762,Costa,Bilby,cbilbyl5@wikia.com,Male,118.63.145.161
763,Ulrick,Ianne,uiannel6@gnu.org,Male,173.67.114.98
764,Leyla,Archbell,larchbelll7@jugem.jp,Genderfluid,232.154.41.33
765,Marlowe,Willmore,mwillmorel8@illinois.edu,Male,176.1.64.28
766,Essie,Janssens,ejanssensl9@ed.gov,Female,44.153.228.154
767,Viviana,Le Blanc,vleblancla@feedburner.com,Female,65.227.212.12
768,Johnette,Batkin,jbatkinlb@blog.com,Female,86.147.152.54
769,Hunt,Lope,hlopelc@ihg.com,Male,124.139.149.41
770,Park,Mustard,pmustardld@yellowbook.com,Male,91.213.117.93
771,Cale,Brabon,cbrabonle@bluehost.com,Male,239.64.81.18
772,Maureen,Glancey,mglanceylf@freewebs.com,Female,143.103.64.84
773,Bartolomeo,Le Provost,bleprovostlg@networksolutions.com,Male,107.11.138.36
774,Gabriella,Crippen,gcrippenlh@businesswire.com,Female,212.49.248.105
775,Bobbie,Glisenan,bglisenanli@github.io,Agender,171.0.201.32
776,Lauren,Percifer,lperciferlj@mapquest.com,Female,171.111.25.85
777,Rudolph,Eversley,reversleylk@state.gov,Male,156.72.2.168
778,Zora,Facer,zfacerll@ed.gov,Bigender,72.114.195.166
779,Ignacio,Fumagall,ifumagalllm@webs.com,Male,135.46.6.31
780,Ingunna,Hambelton,ihambeltonln@nasa.gov,Female,95.129.168.53
781,Berk,Antrum,bantrumlo@stumbleupon.com,Agender,19.108.71.58
782,Eziechiele,Garrigan,egarriganlp@illinois.edu,Male,29.112.241.99
783,Hewie,McTrustie,hmctrustielq@bluehost.com,Male,233.100.81.177
784,Elyssa,Jorio,ejoriolr@home.pl,Female,75.61.81.21
785,Brett,Elfitt,belfittls@washington.edu,Male,192.204.85.198
786,Ailene,Ubsdell,aubsdelllt@indiatimes.com,Female,12.152.102.25
787,Jorge,Schulze,jschulzelu@nytimes.com,Male,128.129.220.169
788,Sofia,Portriss,sportrisslv@vistaprint.com,Female,170.34.38.209
789,Carmelina,Barlass,cbarlasslw@issuu.com,Female,59.21.37.35
790,Brent,Antonetti,bantonettilx@hc360.com,Male,197.205.231.233
791,Eddie,Greenwood,egreenwoodly@cmu.edu,Female,253.45.146.21
792,Arlie,Aynsley,aaynsleylz@rediff.com,Female,188.196.121.178
793,Lyndy,Rubinovitch,lrubinovitchm0@engadget.com,Female,54.176.234.79
794,Titus,Wynter,twynterm1@scribd.com,Male,235.99.172.154
795,Diann,Burder,dburderm2@nature.com,Female,152.197.73.56
796,Agace,Amberson,aambersonm3@scientificamerican.com,Female,27.68.162.182
797,Courtnay,Ellcock,cellcockm4@delicious.com,Non-binary,105.146.114.220
798,Jenn,O'Conor,joconorm5@washington.edu,Female,103.224.65.234
799,Tommie,Nore,tnorem6@pbs.org,Male,53.29.12.250
800,Valene,Hawse,vhawsem7@wikimedia.org,Genderfluid,130.100.120.163
801,Paddy,Toner,ptonerm8@techcrunch.com,Male,221.146.103.220
802,Crichton,Rosenblad,crosenbladm9@friendfeed.com,Male,81.104.200.70
803,Rosamund,Dyter,rdyterma@businessinsider.com,Female,143.73.49.254
804,Grier,Skokoe,gskokoemb@latimes.com,Female,33.60.205.78
805,Neal,Yarrington,nyarringtonmc@blogtalkradio.com,Male,67.56.106.172
806,Robbie,Borgnet,rborgnetmd@arstechnica.com,Female,16.23.110.171
807,Emmanuel,Sketch,esketchme@howstuffworks.com,Male,215.107.27.232
808,Carey,Bruhnicke,cbruhnickemf@yahoo.com,Male,174.166.3.174
809,Catarina,Kordovani,ckordovanimg@unblog.fr,Female,149.30.24.156
810,Carline,Robbeke,crobbekemh@histats.com,Female,137.72.158.135
811,Lorne,Schuchmacher,lschuchmachermi@yandex.ru,Male,80.145.16.26
812,Marcella,Wooland,mwoolandmj@skyrock.com,Female,125.164.28.46
813,Harman,McKea,hmckeamk@newyorker.com,Male,188.119.163.84
814,Sharline,Suddards,ssuddardsml@prlog.org,Non-binary,126.177.128.147
815,Lizzie,Purches,lpurchesmm@slashdot.org,Female,169.125.113.2
816,Loren,Burbage,lburbagemn@wordpress.org,Male,74.122.34.171
817,Blakeley,MacAlister,bmacalistermo@state.tx.us,Female,151.73.144.203
818,Waylen,Vernalls,wvernallsmp@quantcast.com,Male,179.176.233.104
819,Marietta,McCreagh,mmccreaghmq@123-reg.co.uk,Female,219.126.189.53
820,Esdras,Dossantos,edossantosmr@usgs.gov,Male,238.208.31.214
821,Delora,Leech,dleechms@businessinsider.com,Female,102.9.244.109
822,Tobe,Morena,tmorenamt@linkedin.com,Female,134.255.128.227
823,Libbie,Lamswood,llamswoodmu@opensource.org,Female,52.213.201.75
824,Lara,Lopes,llopesmv@toplist.cz,Female,17.207.204.218
825,Mavra,Clynter,mclyntermw@lulu.com,Female,173.222.205.98
826,Abram,Duplain,aduplainmx@hostgator.com,Male,167.28.34.99
827,Lettie,Leteurtre,lleteurtremy@nyu.edu,Female,189.76.97.58
828,Robinson,Mattheeuw,rmattheeuwmz@boston.com,Genderqueer,183.72.183.189
829,Miner,McAline,mmcalinen0@jalbum.net,Male,75.25.214.39
830,Barri,Willson,bwillsonn1@mashable.com,Male,36.183.229.129
831,Dian,McCloch,dmcclochn2@topsy.com,Female,254.164.55.71
832,Ellissa,Canon,ecanonn3@163.com,Female,12.200.4.166
833,Kristel,Proske,kprosken4@google.nl,Female,126.142.242.188
834,Farly,Gouly,fgoulyn5@live.com,Male,56.142.137.14
835,Maryrose,Everleigh,meverleighn6@sakura.ne.jp,Female,177.35.102.41
836,Ardisj,McHardy,amchardyn7@netlog.com,Female,220.150.112.62
837,Sean,Yakuntzov,syakuntzovn8@macromedia.com,Male,2.244.217.234
838,Nial,Luttger,nluttgern9@skype.com,Male,162.132.139.45
839,Maressa,Purches,mpurchesna@yelp.com,Female,254.173.196.61
840,Lanni,Byars,lbyarsnb@businesswire.com,Female,11.207.39.190
841,Radcliffe,Cardinale,rcardinalenc@dell.com,Male,216.214.224.88
842,Barbara,Cleaves,bcleavesnd@ezinearticles.com,Female,93.90.34.170
843,Alastair,Admans,aadmansne@java.com,Male,57.60.73.54
844,Bride,Curman,bcurmannf@goodreads.com,Female,237.129.3.133
845,Candie,Tantrum,ctantrumng@geocities.com,Female,153.39.146.129
846,Bartholomew,Langmuir,blangmuirnh@eventbrite.com,Male,135.50.136.1
847,Carlina,Woosnam,cwoosnamni@over-blog.com,Female,224.126.231.50
848,Trstram,Mucillo,tmucillonj@seattletimes.com,Male,0.105.107.228
849,Hy,Flowitt,hflowittnk@phoca.cz,Male,28.111.3.157
850,Celisse,Guinery,cguinerynl@blog.com,Female,208.40.154.175
851,Anthiathia,McRorie,amcrorienm@redcross.org,Female,29.172.15.109
852,Ingemar,Rathbourne,irathbournenn@mit.edu,Male,36.212.142.248
853,Elijah,Dionisetti,edionisettino@weather.com,Male,245.209.215.66
854,Whit,Allmen,wallmennp@netvibes.com,Male,115.165.13.30
855,Rafaello,Lechelle,rlechellenq@nationalgeographic.com,Male,229.169.34.74
856,Zuzana,Petschelt,zpetscheltnr@angelfire.com,Female,44.136.31.244
857,Marylou,Siverns,msivernsns@apple.com,Female,19.81.47.233
858,Udell,Maidlow,umaidlownt@irs.gov,Male,67.104.110.91
859,Sinclair,Olyonov,solyonovnu@google.pl,Male,244.153.93.106
860,Lea,Alliston,lallistonnv@mapquest.com,Female,240.205.200.160
861,Lorin,Carwithim,lcarwithimnw@t-online.de,Male,88.110.113.114
862,Pebrook,Naisey,pnaiseynx@hugedomains.com,Male,56.143.113.143
863,Luce,Cherrington,lcherringtonny@shutterfly.com,Male,238.150.252.176
864,Galina,Broz,gbroznz@forbes.com,Female,25.144.124.206
865,Jeralee,Sitlinton,jsitlintono0@zimbio.com,Genderqueer,251.147.242.18
866,Frans,Mayward,fmaywardo1@harvard.edu,Male,128.215.227.248
867,Leisha,Eykelhof,leykelhofo2@tripadvisor.com,Female,47.138.58.133
868,Broddie,Saphin,bsaphino3@ucla.edu,Male,176.23.36.233
869,Rubina,Toffetto,rtoffettoo4@bloglines.com,Female,37.216.170.29
870,Maud,Monsey,mmonseyo5@ed.gov,Female,248.60.220.154
871,Corrie,Chevers,ccheverso6@sphinn.com,Male,251.43.168.230
872,Aloin,Oda,aodao7@google.com.hk,Male,0.176.167.92
873,Hayyim,Plett,hpletto8@state.tx.us,Male,22.202.0.225
874,Julian,Conkie,jconkieo9@lycos.com,Genderfluid,56.13.96.102
875,Eugene,Laterza,elaterzaoa@wunderground.com,Male,206.90.73.62
876,Seumas,Bristowe,sbristoweob@freewebs.com,Non-binary,56.174.209.193
877,Marven,Breewood,mbreewoodoc@ibm.com,Male,36.49.118.205
878,Iggy,Siemantel,isiemantelod@networkadvertising.org,Male,13.2.208.226
879,Vinnie,Handslip,vhandslipoe@usnews.com,Male,51.62.89.89
880,Alexine,Sollas,asollasof@clickbank.net,Female,36.194.177.19
881,Elvira,Marages,emaragesog@thetimes.co.uk,Genderfluid,223.186.251.238
882,Rolfe,Folini,rfolinioh@lycos.com,Male,217.131.24.67
883,Elena,Shambroke,eshambrokeoi@4shared.com,Female,48.165.224.254
884,Lacie,Gulk,lgulkoj@independent.co.uk,Female,171.152.95.234
885,Rudie,Toombes,rtoombesok@tinyurl.com,Male,27.58.224.76
886,Elsbeth,Kemble,ekembleol@tripod.com,Agender,36.58.230.55
887,Denver,Westney,dwestneyom@newsvine.com,Male,160.118.235.58
888,Jeannine,Bucknall,jbucknallon@infoseek.co.jp,Bigender,137.170.147.46
889,Desiree,Galland,dgallandoo@tamu.edu,Female,241.100.108.155
890,Maura,McAughtry,mmcaughtryop@irs.gov,Female,212.244.101.75
891,Obed,Yell,oyelloq@google.co.jp,Male,45.135.59.133
892,Josy,Krier,jkrieror@xrea.com,Female,252.126.217.248
893,Svend,Dolman,sdolmanos@webnode.com,Male,32.52.228.63
894,Joycelin,Nunes Nabarro,jnunesnabarroot@geocities.jp,Female,115.100.61.12
895,Edeline,Ziehms,eziehmsou@mysql.com,Female,35.72.188.232
896,Angela,Suatt,asuattov@51.la,Female,237.154.38.49
897,Fiann,Brosi,fbrosiow@washington.edu,Female,48.147.185.66
898,Wanids,Yoseloff,wyoseloffox@yellowbook.com,Female,154.235.209.216
899,Constanta,McKim,cmckimoy@webmd.com,Female,51.71.44.46
900,Tristan,Whoston,twhostonoz@state.tx.us,Male,89.122.164.22
901,Hastie,O'Sherrin,hosherrinp0@homestead.com,Male,151.61.62.133
902,Herschel,Scorey,hscoreyp1@weebly.com,Male,131.15.199.209
903,Harlie,Balogun,hbalogunp2@xing.com,Non-binary,44.135.30.34
904,Bobby,Stoter,bstoterp3@timesonline.co.uk,Male,139.64.165.3
905,Agosto,Korneev,akorneevp4@abc.net.au,Male,96.76.108.236
906,Teddy,Whiskerd,twhiskerdp5@go.com,Male,128.106.162.119
907,Giselbert,Lorrimer,glorrimerp6@elpais.com,Male,230.184.196.85
908,Fax,Dumberell,fdumberellp7@google.it,Male,194.22.11.189
909,Sybille,Gunstone,sgunstonep8@cafepress.com,Female,181.233.96.239
910,Carlin,Ghelerdini,cghelerdinip9@mysql.com,Female,144.39.235.189
911,Mellisa,Helks,mhelkspa@parallels.com,Female,239.252.227.109
912,Kippie,Cruttenden,kcruttendenpb@xinhuanet.com,Male,61.48.84.90
913,Hillie,Burkert,hburkertpc@trellian.com,Polygender,101.47.0.165
914,Craggie,Bawles,cbawlespd@phoca.cz,Male,112.131.82.168
915,Kariotta,Tallent,ktallentpe@mtv.com,Female,129.119.67.163
916,Dannie,Charlick,dcharlickpf@howstuffworks.com,Female,147.253.119.44
917,Cam,Gatrell,cgatrellpg@t-online.de,Male,31.116.146.40
918,Hayward,Mortell,hmortellph@sakura.ne.jp,Male,46.205.152.155
919,Olympie,D'Onisi,odonisipi@vinaora.com,Female,190.61.7.79
920,Mandel,Squier,msquierpj@craigslist.org,Male,39.4.233.58
921,Mary,Packwood,mpackwoodpk@indiatimes.com,Female,144.189.86.195
922,Betsy,Harradine,bharradinepl@yandex.ru,Female,236.153.146.63
923,Abigale,Duggen,aduggenpm@google.ru,Female,15.195.33.224
924,Salvatore,Bedford,sbedfordpn@vinaora.com,Male,209.224.141.118
925,Aldus,Bickerton,abickertonpo@cornell.edu,Male,236.46.74.130
926,Clerissa,Culverhouse,cculverhousepp@nydailynews.com,Female,236.169.77.128
927,Edmon,Bows,ebowspq@canalblog.com,Male,158.168.72.7
928,Gardener,Kerins,gkerinspr@printfriendly.com,Male,193.141.2.29
929,Wang,Shard,wshardps@mysql.com,Male,222.191.68.47
930,Wanda,MacKintosh,wmackintoshpt@paginegialle.it,Female,5.10.11.61
931,Rois,Pleasants,rpleasantspu@webnode.com,Female,241.197.9.26
932,Sidonnie,Byk,sbykpv@goo.ne.jp,Female,241.24.75.223
933,Sergio,Chapier,schapierpw@tiny.cc,Male,175.161.147.253
934,Ferris,Malcher,fmalcherpx@arizona.edu,Male,79.194.84.221
935,Saleem,Reddel,sreddelpy@free.fr,Male,149.138.130.174
936,Sean,Matteotti,smatteottipz@netscape.com,Male,50.88.17.236
937,Fawne,Yezafovich,fyezafovichq0@yelp.com,Female,4.165.45.62
938,Rusty,Corteis,rcorteisq1@independent.co.uk,Male,101.66.137.28
939,Teddie,Pither,tpitherq2@liveinternet.ru,Male,49.196.60.155
940,Mead,Allison,mallisonq3@vkontakte.ru,Male,181.208.36.120
941,Langsdon,O'Regan,loreganq4@patch.com,Male,19.180.207.37
942,Levin,Marcussen,lmarcussenq5@opera.com,Male,175.115.186.135
943,Darcy,Dingate,ddingateq6@aboutads.info,Male,212.141.206.180
944,Noam,Antoniat,nantoniatq7@xinhuanet.com,Male,0.30.1.22
945,Nathan,Robion,nrobionq8@prweb.com,Male,151.194.127.139
946,Johnathan,Allwright,jallwrightq9@qq.com,Male,160.10.93.235
947,Dyanne,Lesurf,dlesurfqa@github.io,Agender,36.25.140.3
948,Adam,Chazelas,achazelasqb@storify.com,Male,172.6.27.31
949,Katusha,Sperling,ksperlingqc@usgs.gov,Female,251.143.239.161
950,Wilmette,Parchment,wparchmentqd@drupal.org,Female,196.201.68.89
951,Ivar,Outridge,ioutridgeqe@tripadvisor.com,Male,90.50.49.127
952,Byrle,Dollard,bdollardqf@pbs.org,Male,225.146.33.99
953,Helaine,Mattam,hmattamqg@amazon.com,Female,158.53.180.126
954,Bondie,Lutty,bluttyqh@elegantthemes.com,Male,126.38.39.99
955,Louisette,Tolliday,ltollidayqi@irs.gov,Female,253.158.177.244
956,Nichols,Moring,nmoringqj@aol.com,Male,219.222.120.38
957,Winnie,Roller,wrollerqk@bloglines.com,Female,12.159.201.79
958,Gran,Collumbine,gcollumbineql@ca.gov,Male,97.213.205.108
959,Lynnell,Elwel,lelwelqm@disqus.com,Female,137.254.162.179
960,Trueman,Meates,tmeatesqn@squarespace.com,Male,65.54.147.247
961,Kris,Adamsson,kadamssonqo@usda.gov,Female,112.255.12.223
962,Merry,Serris,mserrisqp@multiply.com,Female,89.175.165.246
963,Templeton,Pauley,tpauleyqq@posterous.com,Male,5.118.56.124
964,Jodie,Farquarson,jfarquarsonqr@nature.com,Female,70.150.152.33
965,Thatcher,McGauhy,tmcgauhyqs@china.com.cn,Male,98.25.248.45
966,Monte,Bortoloni,mbortoloniqt@sakura.ne.jp,Male,200.78.10.158
967,Willi,Flewett,wflewettqu@reverbnation.com,Male,177.34.34.180
968,Rea,Kleinlerer,rkleinlererqv@patch.com,Female,44.43.158.140
969,Alex,Dyson,adysonqw@ted.com,Male,172.188.249.121
970,Holt,Dansey,hdanseyqx@merriam-webster.com,Male,39.222.227.50
971,Ivette,Bennison,ibennisonqy@amazon.com,Female,232.164.227.131
972,Alfie,Skrine,askrineqz@opera.com,Female,198.49.81.78
973,Thorstein,Catterell,tcatterellr0@slashdot.org,Male,241.47.242.191
974,Claus,Airs,cairsr1@hibu.com,Male,32.42.22.173
975,Lorilee,Pimbley,lpimbleyr2@kickstarter.com,Female,121.88.144.75
976,Ford,Abramamov,fabramamovr3@wsj.com,Male,154.197.198.4
977,Jedidiah,Andriessen,jandriessenr4@imgur.com,Male,178.48.171.207
978,Benedicto,Ellerton,bellertonr5@exblog.jp,Male,189.14.239.36
979,Chaunce,Dahmke,cdahmker6@woothemes.com,Male,146.254.23.254
980,Sarena,Falloon,sfalloonr7@clickbank.net,Female,255.137.108.35
981,Michal,Madrell,mmadrellr8@technorati.com,Agender,140.147.213.3
982,Leola,Kirke,lkirker9@arizona.edu,Female,6.146.143.32
983,Reynard,Meeny,rmeenyra@usatoday.com,Male,44.182.59.167
984,Alexi,Linford,alinfordrb@biglobe.ne.jp,Female,102.6.86.167
985,Lola,Venditti,lvendittirc@symantec.com,Female,56.239.140.164
986,Fergus,Harness,fharnessrd@123-reg.co.uk,Male,91.50.152.81
987,Terrie,Divell,tdivellre@rakuten.co.jp,Female,133.69.124.248
988,Rosanne,Opdenort,ropdenortrf@rambler.ru,Female,7.49.120.240
989,Bernarr,Nesbitt,bnesbittrg@dailymotion.com,Male,235.246.30.209
990,Cornela,Stebbins,cstebbinsrh@issuu.com,Female,131.12.165.150
991,Ebony,Barukh,ebarukhri@guardian.co.uk,Female,150.248.244.184
992,Ardisj,Jesty,ajestyrj@wired.com,Agender,182.152.75.169
993,Annmaria,Standell,astandellrk@tiny.cc,Female,96.179.214.92
994,Robinia,Dingle,rdinglerl@ft.com,Female,79.15.7.212
995,Lorna,Landrean,llandreanrm@ihg.com,Female,36.202.40.231
996,Fabien,Vossgen,fvossgenrn@is.gd,Male,116.230.211.214
997,Jarred,Farrin,jfarrinro@sogou.com,Male,180.76.37.114
998,Madlin,Measor,mmeasorrp@independent.co.uk,Female,28.182.73.15
999,Sandor,Andri,sandrirq@latimes.com,Male,147.246.233.6
1000,Hobard,Schimke,hschimkerr@amazon.com,Male,183.72.51.105
